id,hersteller,slug,produkte,herstelleranschrift,eu_verantwortlicher
9299,420Flow GmbH,420flow-gmbh,10,"420Flow GmbH, diese vertr. d. d. Geschäftsführer Finn Ole Behrends, Vincent Benjamin Ponce Gattas Memeler Straße 16, 25551 Hohenlockstedt Deutschland, Telefon: +4917692697947, E-Mail: info@420flow.de, Web: https://420flow.de",
7646,420z GmbH,420z-gmbh,3,"420z GmbH, Lenbachstraße 127, 70192 Stuttgart, Deutschland, HRB 776338 (Amtsgericht Stuttgart), Telefon: +49 7141 9114050, E-Mail: info@420z-filters.de, Web: https://www.420z-filters.de",
8582,AC Infinity,ac-infinity,100,"AC Infinity, Am Kanal 13/15, 79805 Eggingen, Deutschland, E-Mail: service@growtechnology.de, Web: https://acinfinity.com","GrowTechnology GmbH, Am Kanal 13/15, 79805 Eggingen, Deutschland, E-Mail: service@growtechnology.de, Web: https://growtechnology.de"
9073,Ace Seeds,ace-seeds,1,"ACE WEB PROGRESS S.L., Calle 9 d'Octubre 16 bajo, 46111 Rocafort (Valencia), Spanien, CIF B98476583, E-Mail: info@aceseeds.org",
16528,Advanced Hydroponics of Holland B.V.,advanced-hydroponics-of-holland-b-v,42,"Advanced Hydroponics of Holland B.V., Binnenweg 4, 5683 PR Best, Niederlande, E-Mail: sandra@advancedhydro.com",
3733,Advanced Nutrients,advanced-nutrients,0,"Advanced Nutrients, 8687 Melrose Ave, Suite G320, West Hollywood, CA 90069, USA, info@advancednutrients.com","Lauwe Zaunreither GbR, Stefan Zaunreither, Kratzmühlstraße 14, 92339 Beilngries, Deutschland, Telefon: +4917676957009, E-Mail: info@hanfjack.de"
9071,Amsterdam Genetics,amsterdam-genetics,1,"Masque B.V. (Amsterdam Genetics), Humberweg 6, 1043 AC Amsterdam, Niederlande, KvK 55026486, Telefon: +31204122392, E-Mail: office@amsterdamgenetics.com",
8703,Anders + Redelfs,anders-redelfs,1,"Anders + Redelfs, Industriestraße 28-30, 91781 Weißenburg i. Bay., Deutschland, E-Mail: einkauf@anders-laborshop.com, Web: https://anders-laborshop.com",
16323,Aptus Plant Care,aptus-plant-care,10,"Aptus Plant Care, Daelderweg 22, 6361 HK Nuth, Niederlande, Web: https://aptus-holland.com",
13033,Aqua Master Tools,aqua-master-tools,19,"Aqua Master Tools, Ambachtsweg 55c, 1271 AL Huizen, Niederlande, E-Mail: info@aquamastertools.com",
11613,Athena Nutrients,athena-nutrients,33,"Athena Nutrients, 1300 Marsh Landing Parkway 78, Jacksonville Beach, FL 32250, USA, E-Mail: info@athenaag.com, Web: https://athenaag.com","Grow In AG, Wallenroder Straße 7-9, 13435 Berlin, info@growin.de"
13017,AutoPot Benelux,autopot-benelux,69,"AutoPot Benelux, Kuilenstraat 60-4, 6231 AW Meerssen, Niederlande, E-Mail: laurence@autopot.co.uk, Web: https://autopot.co.uk","Lumen Max GmbH, Max-Eyth-Straße 47, 46149 Oberhausen, Deutschland, E-Mail: lumenmax@lumenmax.de, Web: https://lumenmax.de"
8701,B.Braun,b-braun,2,"B. Braun, Carl-Braun-Straße 1, 34212 Melsungen, Deutschland, E-Mail: info@bbraun.com, Web: https://www.bbraun.de",
3349,Barneys Farm,barneys-farm,121,"Barney's Souvenirs BV, Haarlemmerstraat 98, 1013 EW Amsterdam, NL, customersupport@barneysfarm.com","Lauwe Zaunreither GbR, Stefan Zaunreither, Kratzmühlstraße 14, 92339 Beilngries, Deutschland, Telefon: +4917676957009, E-Mail: info@hanfjack.de"
16325,BIO NOVA,bio-nova,1,"BIO NOVA, Elzenweg 13, 5144 MB Waalwijk, Niederlande, Web: https://www.bionovanutrients.com",
3937,BIObay e.K.,biobay-e-k,1,"BIObay e.K., Hofmarkstraße 11, 92543 Guteneck, Deutschland, info@biobay.de",
5311,"BIOBIZZ WORLDWIDE, S.L.",biobizz-worldwide-s-l,25,"BIOBIZZ WORLDWIDE, S.L., Polígono Industrial Lezama-Leguizamón, C/ Gorbeia nº 11, 48450 Etxebarri, Bizkaia, Spanien, info@biobizz.com","Lauwe Zaunreither GbR, Stefan Zaunreither, Kratzmühlstraße 14, 92339 Beilngries, Deutschland, Telefon: +4917676957009, E-Mail: info@hanfjack.de"
16499,Biodor,biodor,0,"Biodor, Juan de la cierva 10 - B, 08339 Vilassar de Dalt, Katalonien, Spanien, E-Mail: info@biopulcher.com, Homepage: https://biopulcher.com",
6850,Biohorti SLU,biohorti-slu,24,"Biohorti SL, Calle Sud 1, 08329 Teià (Barcelona), Spanien, CIF B66654112, Telefon: +34 936385174, E-Mail: info@biotabs.nl, Web: https://biotabs.nl",
16501,Birchmeier Sprühtechnik AG,birchmeier-spruehtechnik-ag,1,"Birchmeier Sprühtechnik AG, Im Stetterfeld 1, 5608 Stetten, Schweiz, E-Mail: info@birchmeier.com","Bloomtech GmbH, Mittelweg 3, 37154 Northeim, Deutschland, E-Mail: mail@bloomtech.de, Web: https://www.bloomtech.de"
1880,BLAUBERG VENTILATOREN GMBH,blauberg-ventilatoren-gmbh,0,"Blauberg Ventilatoren GmbH, Stäblistraße 6, 81477 München, Deutschland, info@blaubergventilatoren.de",
11761,BloomStar,bloomstar,22,"Crescience UG (haftungsbeschränkt) (BloomStar), Niederhofener Straße 8, 86972 Altenstadt, Deutschland, HRB 228381 (Amtsgericht München), Telefon: +4915678652550, E-Mail: info@cre.science, Web: https://www.bloomstar.de",
16327,Bloomtech GmbH,bloomtech-gmbh,1,"Bloomtech GmbH, Mittelweg 3, 37154 Northeim, Deutschland, Web: https://www.bloomtech.de",
16487,Bloomtech GmbH (Zubehör),bloomtech-gmbh-zubehoer,14,"Bloomtech GmbH, Mittelweg 3, 37154 Northeim, Niedersachsen, Deutschland, E-Mail: mail@bloomtech.de, Homepage: https://www.bloomtech.de",
16497,Boveda Inc.,boveda-inc,2,"Boveda Inc., Yellow Circle Drive 10237, MN 55343 Minnetonka, Minnesota, Vereinigte Staaten, E-Mail: info@bovedainc.com, Homepage: https://bovedainc.com","Reinhart GmbH & Co.KG, Tempelhofer Str. 21, 52068 Aachen, Nordrhein-Westfalen, Deutschland, Homepage: https://www.reinh.art"
7684,Brothers Grimm Seeds,brothers-grimm-seeds,2,"Brothers Grimm Seeds, 14030 S Peoria Ave Ste 107, Bixby, OK 74008, USA, E-Mail: laura@brothersgrimmseeds.com","Lauwe Zaunreither GbR, Stefan Zaunreither, Kratzmühlstraße 14, 92339 Beilngries, Deutschland, Telefon: +4917676957009, E-Mail: info@hanfjack.de"
16329,C-Résult,c-result,9,"C-Résult, Tolhuisweg 12, 6071 RG Swalmen, Niederlande, Web: https://c-result.com",
15939,CAN-Filters,can-filters,49,"CAN-Filters, Handelsweg 10, 4231 EZ Meerkerk, Niederlande, Web: https://canfilters.com",
13060,Canna-,canna,71,"CANNA International B.V., Beneluxweg 37, 4904 SJ Oosterhout, Niederlande, Telefon: +31162456714, E-Mail: info@canna.com",
12997,"CANNABIS Pharma, s.r.o.",cannabis-pharma-s-r-o,1,"CANNABIS Pharma, s.r.o., Masarykova třída 1595/54, 415 01 Teplice, Tschechien, IČO 25441353, E-Mail: info@cannaderm.cz",
15549,Cannatech International Ltd.,cannatech-international-ltd,0,"Cannatech International Ltd., Centris Business Gateway, CBD 3020 Birkirkara, Malta, E-Mail: info@cannatech-international.com",
16089,Carson,carson,11,"Carson Optical, Inc., 2070 5th Avenue, Ronkonkoma NY 11779, Vereinigte Staaten, Telefon: +1 631 963 5000, E-Mail: info@carson.com, Web: https://www.carson.com","Bloomtech GmbH, Mittelweg 3, 37154 Northeim, Deutschland, E-Mail: mail@bloomtech.de, Web: https://www.bloomtech.de"
16480,Chikamasa Co. Ltd.,chikamasa-co-ltd,6,"Chikamasa Co. Ltd., Chikkohamadera-Nishi 2, 592-8352 Sakai, Osaka, Japan, E-Mail: info@chikamasa.co.jp, Homepage: https://chikamasa.co.jp","Grow In AG, Wallenroder Straße 7-9, 13435 Berlin, Berlin, Deutschland, Homepage: https://www.growin.de/"
8795,Compound Genetics,compound-genetics,22,"Compound Genetics, Petaluma, Kalifornien, Vereinigte Staaten, E-Mail: seeds@compound-genetics.com, Web: https://seeds.compound-genetics.com","Hemp Group Int. GmbH, Verschwisterungsring 93b, 21502 Geesthacht, Deutschland, Telefon: +49 89 30707996 (Mo–Fr 10:00–17:00 Uhr), E-Mail: b2b@hempgroup.de"
8599,Cookies Seeds,cookies-seeds,1,"Cookies Seeds, Mailbox 1, San Francisco, CA 94114, USA, E-Mail: support@seeds.cookies.co, Web: https://www.seeds.cookies.co","Dutch Garden EU, Strobelgasse 2/6, 1010 Wien, Österreich, Web: https://www.dgsupplies.eu"
16062,Dec Ducting,dec-ducting,9,"Dec Ducting, Tuchmacherweg 6, 39288 Burg, Sachsen-Anhalt, Deutschland, Web: https://decinternational.com",
16483,DiamondBox,diamondbox,8,"DiamondBox, Wallenroder Straße 7-9, 13435 Berlin, Berlin, Deutschland, E-Mail: info@growin.de, Homepage: https://www.diamondbox.de",
15917,Dimlux,dimlux,5,"Dimlux, Cruquiusweg 98G, 1019 AJ Amsterdam, Niederlande, Web: https://dimlux.nl",
12981,Doja,doja,7,"Doja, Los Angeles, CA, Vereinigte Staaten, E-Mail: orders@dojadirect.com","Hemp Group Int. GmbH, Verschwisterungsring 93b, 21502 Geesthacht, Deutschland, Telefon: +49 89 30707996 (Mo–Fr 10:00–17:00 Uhr), E-Mail: b2b@hempgroup.de"
11585,Doktorfreezy,doktorfreezy,0,"Daniel Prinz, Künstlername: Dokterfreezy, c/o SourceArt Tuttlingerstraße 45 78333 Stockach Deutschland, doktorfreezy@versteckmich.de, Telefon 015222026936",
6651,Drainmaster,drainmaster,0,"DrainMaster // kobosil.me Development, Griembergweg 13A, 12305 Berlin, Deutschland, info@drain-master.de",
6653,Drehandel GmbH,drehandel-gmbh,0,"Drehandel GmbH, Libauer Straße 17, 10245 Berlin, Deutschland, mail@drehandel.de",
6071,Dutch Passion,dutch-passion,109,"Zaadhandel Dutch Passion BV, Hoogoorddreef 109, 1101 BB Amsterdam, Niederlande, info@dutch-passion.com","Lauwe Zaunreither GbR, Stefan Zaunreither, Kratzmühlstraße 14, 92339 Beilngries, Deutschland, Telefon: +4917676957009, E-Mail: info@hanfjack.de"
13081,Easy Grow LTD,easy-grow-ltd,2,"Easy Grow Limited, 23 Chantry Lane, Grimsby, South Humberside DN31 2LP, Vereinigtes Königreich, Telefon: +441472346900, E-Mail: sales@easy-grow.co.uk","Lauwe Zaunreither GbR, Stefan Zaunreither, Kratzmühlstraße 14, 92339 Beilngries, Deutschland, Telefon: +4917676957009, E-Mail: info@hanfjack.de"
16485,Easy Grow LTD (UK),easy-grow-ltd-uk,5,"Easy Grow LTD, King Edward St, Grimsby 4, DN31 3JU Grimsby, Vereinigtes Königreich, Homepage: https://www.easy-grow.co.uk","Bloomtech GmbH, Mittelweg 3, 37154 Northeim, Niedersachsen, Deutschland, E-Mail: mail@bloomtech.de, Homepage: https://www.bloomtech.de"
12863,Eazy Plug,eazy-plug,6,"HGA International BV, Tijvoortsebaan 2, 5051 HJ Goirle, Niederlande, E-Mail: info@hga-international.com",
12988,Enecta B.V.,enecta-b-v,1,"Enecta B.V., Professor J.H. Bavincklaan 7, 1183 AT Amstelveen, Niederlande, KvK 69114463, Telefon: +31624424363, E-Mail: info@enecta.com",
8593,Ethos Genetics,ethos-genetics,10,"Ethos Genetics, 1441 29th Street, Denver, CO 80205, USA, E-Mail: store@ethosgenetics.com","Lauwe Zaunreither GbR, Stefan Zaunreither, Kratzmühlstraße 14, 92339 Beilngries, Deutschland, Telefon: +4917676957009, E-Mail: info@hanfjack.de"
12985,Euphoria Trade s.r.o.,euphoria-trade-s-r-o,2,"EUPHORIA TRADE s.r.o., Klimentská 1216/46, Nové Město, 110 00 Praha 1, Tschechien, E-Mail: info@euphoria.trade, Web: https://www.euphoria.eu",
6660,Fast Buds,fast-buds,5,"Fast Buds, Carrer del Rosselló 212, 08008 Barcelona, Spanien, Telefon: +34936256676, Web: https://2fast4buds.com",
7724,Fega Grow Seeds SL,fega-grow-seeds-sl,1,"Fega Grow Seeds S.L., Calle de la Princesa 31, planta 6 puerta 12, 28008 Madrid, Spanien, CIF B85670008, Telefon: +34917553017, E-Mail: order@exoticseed.eu",
16482,Ferna Trade,ferna-trade,3,"Ferna Trade, Industriestrasse 3, 41334 Nettetal, Nordrhein-Westfalen, Deutschland, E-Mail: info@fernatrade.com, Homepage: https://www.fernatrade.com",
16513,ferrero,ferrero,0,"Ferrero Deutschland GmbH, Hainer Weg 120, 60599 Frankfurt am Main, Deutschland, Telefon: +49 69 6805-0, E-Mail: consumerservice@ferrero.com, Web: https://www.ferrero.de",
5194,Fiftys GmbH,fiftys-gmbh,15,"Fiftys GmbH, Mittelwendung 14 A, 28844 Weyhe, Deutschland, info@b2b-headshop.de",
7709,G13 Labs,g13-labs,1,"G13 Labs, Unit 14 Quadrangle Centre, Nacton Road, Ipswich IP3 9QR, Vereinigtes Königreich, E-Mail: info@g13labs.com","Lauwe Zaunreither GbR, Stefan Zaunreither, Kratzmühlstraße 14, 92339 Beilngries, Deutschland, Telefon: +4917676957009, E-Mail: info@hanfjack.de"
6656,garden-highpro,garden-highpro,7,"GHP Garden Highpro, Calle General Perón 22, 28020 Madrid, Spanien, Telefon: +34 917274411, E-Mail: lopd@gardenhighpro.com",
8699,GIB,gib,3,"GIB, Wallenroder Straße 7-9, 13435 Berlin, Deutschland, E-Mail: info@growin.de, Web: https://growin.de",
16479,GIB - Growin,gib-growin,2,"GIB - Growin, Wallenroder Str. 7-9, 13435 Berlin, Berlin, Deutschland, E-Mail: info@growin.de, Homepage: https://growin.de",
10956,GIZEH Raucherbedarf GmbH,gizeh-raucherbedarf-gmbh,2,"GIZEH Raucherbedarf GmbH, Bunsenstraße 12, 51647 Gummersbach, Deutschland, Telefon: +49 2261 4059-0, E-Mail: info@gizeh-online.com",
8034,Granny's World GmbH,grannys-world-gmbh,9,"Granny's World GmbH, Sportweg 4, 29525 Uelzen, Deutschland, grannysworldug@gmail.com",
16201,Green House Powder Feeding,green-house-powder-feeding,6,"Green House Feeding, Keienbergweg 49, 1101 EX Amsterdam-Zuidoost, Niederlande, Telefon: +31 20 7163834, E-Mail: shop@greenhousefeeding.com, Web: https://www.greenhousefeeding.com",
8843,Green House Seed Co.,green-house-seed-co,5,"GHSC Trading B.V., Kabelweg 22, 1014 BB Amsterdam, Niederlande, Telefon: +31 20 3080918, Web: https://shop.greenhouseseeds.nl",
16331,Green Node GmbH,green-node-gmbh,1,"Green Node GmbH, Rheinstrasse 18, 35260 Stadtallendorf, Deutschland, Web: https://www.green-node.com",
16333,Green Planet Nutrients,green-planet-nutrients,13,"Green Planet, A Ave. 103, 15374 Surrey, Kanada, Web: https://greenplanetnutrients.com","Bloomtech GmbH, Mittelweg 3, 37154 Northeim, Deutschland, Web: https://www.bloomtech.de"
9022,GREEN WORKS GmbH,green-works-gmbh,2,"GREEN WORKS GmbH, Gneisenaustraße 27, 40474 Düsseldorf, Deutschland, Telefon: +49 172 7989900, E-Mail: info@bobby-green.com, Web: https://bobby-green.com",
16488,Grodan,grodan,4,"Grodan, Industrieweg 15, 6045 JG Roermond, Niederlande, Telefon: +31 475 353535, E-Mail: info@grodan.com, Web: https://www.grodan.com",
6578,Grounded Genetics,grounded-genetics,0,"Grounded Genetics (Uptown Supply Co SL), Rambla De Catalunya 38, P.8. PTA.1, 08007 Barcelona, Spanien, support@groundedgenetics.com","Lauwe Zaunreither GbR, Stefan Zaunreither, Kratzmühlstraße 14, 92339 Beilngries, Deutschland, Telefon: +4917676957009, E-Mail: info@hanfjack.de"
16448,Grow In AG,grow-in-ag,9,"Grow In AG, Wallenroder Straße 7-9, 13435 Berlin, Deutschland, Telefon: +49 30 208980-800, E-Mail: info@growin.de, Web: https://www.growin.de",
16503,Growers Glück,growers-glueck,3,"Growers Glück, Hubertusstraße 187, 47798 Krefeld, Deutschland, E-Mail: info@growersglueck.de, Homepage: https://www.growersglueck.de",
16335,GrowsArtig,growsartig,9,"GrowsArtig, Seuttergasse 53, A-2492 Eggendorf, Österreich, Web: https://www.growsartig.eu",
16461,GrowTechnology GmbH,growtechnology-gmbh,6,"GrowTechnology GmbH, Riedstraße 14, 79787 Lauchringen, Deutschland, Telefon: +49 7741 8358151, E-Mail: service@growtechnology.de, Web: https://www.growtechnology.de","GrowTechnology GmbH, Am Kanal 13/15, 79805 Eggingen, Baden-Württemberg, Deutschland, E-Mail: service@growtechnology.de, Homepage: https://growtechnology.de"
12717,Growth Technology,growth-technology,2,"Growth Technology Limited, Great Western Way, Taunton TA2 6BX, Vereinigtes Königreich, E-Mail: enquiries@growthtechnology.com, Web: https://growthtechnology.com","Grow In AG, Wallenroder Straße 7-9, 13435 Berlin, Deutschland, E-Mail: info@growin.de, Web: https://www.growin.de"
6655,Grüne Freude GmbH,gruene-freude-gmbh,1,"Grüne Freude GmbH, Hasenheide 78, 10967 Berlin, Deutschland, service@gruenefreude.com",
4143,"Hangzhou Alltest Biotech Co.,Ltd",hangzhou-alltest-biotech-co-ltd,0,"Hangzhou AllTest Biotech Co., Ltd, 550 Yinhai Street, Hangzhou Economic and Technologic Development Area, Hangzhou 310018, P.R. China, info@alltests.com.cn","Lauwe Zaunreither GbR, Stefan Zaunreither, Kratzmühlstraße 14, 92339 Beilngries, Deutschland, Telefon: +4917676957009, E-Mail: info@hanfjack.de"
14985,Hara Brands,hara-brands,378,"4031 N Pecos Rd, Suite 100, Las Vegas, NV, 89115, USA, Telefon: (631) 223-8901, E-Mail: info@harasupply.com","Lauwe Zaunreither GbR, Stefan Zaunreither, Kratzmühlstraße 14, 92339 Beilngries, Deutschland, Telefon: +4917676957009, E-Mail: info@hanfjack.de"
13990,HASHY,hashy,1,"MonkeysGodTorino, Via Gioacchino Rossini 12, 10124 Torino TO, Italien, P. IVA IT10275620010, E-Mail: info@hashyallinone.com, Web: https://www.hashyallinone.com",
1813,HBI Europe GmbH,hbi-europe-gmbh,26,"HBI Europe GmbH, Luxemburger Str. 19, 41812 Erkelenz, Deutschland, fragen@hbieu.com",
4222,Heatex Glass B.V,heatex-glass-b-v,11,"Heatex Glass B.V., Laan van Kronenburg 14, 1183 AS Amstelveen, Niederlande, sales@heatexglass.com","Lauwe Zaunreither GbR, Stefan Zaunreither, Kratzmühlstraße 14, 92339 Beilngries, Deutschland, Telefon: +4917676957009, E-Mail: info@hanfjack.de"
16463,Heisenberg,heisenberg,4,"Heisenberg, Heerenholz 14a, 28307 Bremen, Bremen, Deutschland, E-Mail: support@hnbg.de, Homepage: https://www.hnbg.de",
12991,Hemnia s.r.o.,hemnia-s-r-o,1,"Hemnia s.r.o., Na Folimance 2155/15, 120 00 Praha 2 - Vinohrady, Tschechien, IČO 09306269, Telefon: +420774420732, E-Mail: support@hemnia.com",
10951,Hermann Hauser GmbH,hermann-hauser-gmbh,1,"Hermann Hauser GmbH, Josef-Schorer-Straße 9, 86179 Augsburg, Deutschland, HRB 7969 (Amtsgericht Augsburg), Telefon: +49 821 72019-0, E-Mail: info@hauser-augsburg.de",
16234,Hesi,hesi,57,"Hesi, Klarenanstelerweg 11, 6468 EP Kerkrade, Niederlande, Web: https://hesi.nl",
8349,Hesi Plantenvoeding B.V.,hesi-plantenvoeding-b-v,1,"Klarenanstelerweg 11, 6468 EP, Kerkrade, Niederlande, info@hesi.nl",
6540,HGA Garden B.V.,hga-garden-b-v,0,"HGA Garden B.V., Tijvoortsebaan 2, 5051 HJ Goirle, Niederlande, info@hgagarden.com","Lauwe Zaunreither GbR, Stefan Zaunreither, Kratzmühlstraße 14, 92339 Beilngries, Deutschland, Telefon: +4917676957009, E-Mail: info@hanfjack.de"
16450,HGA International B.V.,hga-international-b-v,0,"HGA International B.V., Tijvoortsebaan 2, 5051 HJ Goirle, Niederlande, KvK 69505772, Telefon: +31 161 233920, E-Mail: info@hgagarden.com, Web: https://www.hgagarden.com",
11540,High4Life,high4life,7,"High4Life, Kevin Marquardt, Görlitzer Straße 2, 86899 Landsberg am Lech, Deutschland, Telefon: +491627000874, E-Mail: info@high4life.shop",
1348,"HIGHPRO NETWORK, S.L.",highpro-network-s-l,0,"HIGHPRO NETWORK, S.L., Calle General Perón 22, 28020 Madrid, Spanien, legal@gardenhighpro.com",
3730,hortione GmbH,hortione-gmbh,0,"hortiONE GmbH, Montafonerstraße 14, 6780 Schruns, Österreich, info@hortione.com","Lauwe Zaunreither GbR, Stefan Zaunreither, Kratzmühlstraße 14, 92339 Beilngries, Deutschland, Telefon: +4917676957009, E-Mail: info@hanfjack.de"
16337,House & Garden,house-garden,4,"House & Garden, PO BOX 216, SA 5049 Seacliff Park, Australien, Web: https://www.house-garden.com.au","HPS, Rte de Lanrinou 3, 29800 Landerneau, Frankreich, Web: https://highproshop.fr"
16449,HPS,hps,0,"HPS, Route de Lanrinou 3, 29800 Landerneau, Frankreich, E-Mail: commande@highproshop.fr, Web: https://highproshop.fr",
12714,hubey GmbH,hubey-gmbh,2,"hubey GmbH, Holunderstraße 1A, 28816 Stuhr, Deutschland, E-Mail: mail@hubey.com, Web: https://hubey.com",
6662,Humboldt Seed Company,humboldt-seed-company,16,"Humboldt Seed Company, LLC, 510 O Street, Suite B, Eureka, CA 95501, USA, E-Mail: info@humboldtseedcompany.com","Lauwe Zaunreither GbR, Stefan Zaunreither, Kratzmühlstraße 14, 92339 Beilngries, Deutschland, Telefon: +4917676957009, E-Mail: info@hanfjack.de"
16339,Humintech GmbH,humintech-gmbh,1,"Humintech GmbH, Am Pösenberg 9-13, 41517 Grevenbroich, Deutschland, Web: https://humintech.com",
16434,hy-pro,hy-pro,0,"Hy-Pro Fertilizers, Fabrieksweg 3G, 5531 PP Bladel, Niederlande, Web: https://hy-pro.nl",
16341,Hy-Pro Fertilizers,hy-pro-fertilizers,1,"Hy-Pro Fertilizers, Fabrieksweg 3G, 5531 PP Bladel, Niederlande, Web: https://hy-pro.nl",
16502,Hydro Garden,hydro-garden,0,"Hydro Garden, Lifford Way Unit19, CV3 2RN Coventry, Vereinigtes Königreich, Homepage: https://hydrogarden.com","Bloomtech GmbH, Mittelweg 3, 37154 Northeim, Niedersachsen, Deutschland, E-Mail: mail@bloomtech.de, Homepage: https://www.bloomtech.de"
16529,HydroGarden Limited,hydrogarden-limited,40,"HydroGarden Limited, Unit 19 Lifford Way, Binley Industrial Estate, CV3 2RN Coventry, Vereinigtes Königreich, E-Mail: webmaster@hydrogarden.co.uk","Grow In AG, Wallenroder Straße 7-9, 13435 Berlin, Deutschland, Homepage: https://www.growin.de/"
16343,Hydroponic Research,hydroponic-research,5,"Hydroponic Research, Alvarado Canyon Road 4570, CA 92120 San Diego, Vereinigte Staaten, Web: https://hydroponic-research.com","Bloomtech GmbH, Mittelweg 3, 37154 Northeim, Deutschland, E-Mail: mail@bloomtech.de, Web: https://www.bloomtech.de"
11525,IPP,ipp,4,"IPP, ul. Elektrownia 16, 41-923 Bytom, Polen, E-Mail: info@desch-ipp.pl",
16494,Jiffy,jiffy,1,"Jiffy, 5401 Baumhart Road, 44053 Lorain, Ohio, Vereinigte Staaten, E-Mail: prosales@jiffygroup.com, Homepage: https://www.jiffygroup.com","Grow In AG, Wallenroder Straße 7-9, 13435 Berlin, Berlin, Deutschland, Homepage: https://www.growin.de/"
12872,Jiffy Products International B.V.,jiffy-products-international-b-v,1,"Jiffy Products International B.V., Lindtsedijk 20A, 3336 LE Zwijndrecht, Niederlande, E-Mail: sales@jiffygroup.com",
16515,jouyco-sweets-b-v,jouyco-sweets-b-v,0,"Jouy & Co Sweets B.V., Vredeweg 1 S, 1505 HH Zaandam, Niederlande, KvK 70736839, Telefon: +31 20 3377568, E-Mail: info@jouyco.com, Web: https://jouyco.nl",
8644,Kailar UG (haftungsbeschränkt),kailar-ug-haftungsbeschraenkt,12,"Kailar UG (haftungsbeschränkt), Viererblock 18a, 39326 Wolmirstedt, Deutschland, Telefon: +4915226743296, E-Mail: kontakt@kailar.de",
16508,Keirton Inc.,keirton-inc,53,"Keirton Inc., 9445 189th St., V4N 5L8 Surrey BC, Kanada, Telefon: +1 604 513 1796, Web: https://www.keirton.com","Grow In AG, Wallenroder Straße 7-9, 13435 Berlin, Berlin, Deutschland, Homepage: https://www.growin.de/"
5310,Knistermann,knistermann,0,"Knistermann (Franco Braca Großhandel), Bahnstraße 76, 47929 Grefrath, Deutschland, info@knistermann.de",
6058,Kopp Filters GmbH & Co. KG,kopp-filters-gmbh-co-kg,1,"Kopp Filters GmbH & Co. KG, Löwenstraße 16, 63067 Offenbach am Main, Deutschland, info@kopp-filters.com",
5416,Lauwe Zaunreither GbR,lauwe-zaunreither-gbr,52,"Lauwe Zaunreither GbR, Stefan Zaunreither, Kratzmühlstraße 14, 92239 Beilngries, Deutschland, info@hanfjack.de",
6863,Liquid-Universum GmbH,liquid-universum-gmbh,0,"Liquid-Universum GmbH, Sudetenstraße 1, 73760 Ostfildern, Deutschland, hallo@freigeist.works",
6648,Litha,litha,0,"Sweedbar, Waldhausener Straße 86a, 41061 Mönchengladbach, Deutschland, info@sweedbar.de",
7733,Lovin In Her Eyes,lovin-in-her-eyes,2,,
3731,Lumatek Ltd,lumatek-ltd,0,"Lumatek Ltd, Suite 1 Christchurch House, Beaufort Court, Sir Thomas Longley Road, Rochester, Kent, ME2 4FX, United Kingdom, info@lumatek-lighting.com","Lauwe Zaunreither GbR, Stefan Zaunreither, Kratzmühlstraße 14, 92339 Beilngries, Deutschland, Telefon: +4917676957009, E-Mail: info@hanfjack.de"
16492,MAMA Publishing,mama-publishing,1,"MAMA Publishing, Wenlock Road, London 20-22, N1 7GU UK London, Vereinigtes Königreich, E-Mail: info@mamapublisher.com, Homepage: https://mamapublisher.com","Bloomtech GmbH, Mittelweg 3, 37154 Northeim, Niedersachsen, Deutschland, E-Mail: mail@bloomtech.de, Homepage: https://www.bloomtech.de"
4218,Mars Confectionery Supply GmbH,mars-confectionery-supply-gmbh,0,"Mars Confectionery Supply GmbH, Industriering 17, 41751 Viersen-Dülken, Deutschland, info@mars.de",
14298,Master Garden Nutrients Limited,master-garden-nutrients-limited,33,"Unit 6 & 7 Demuth Way, Junction 2 Industrial Estate, Oldbury, United Kingdom, B69 4LT, info@mgnutrients.co.uk, https://atami.com","Grow In AG, Wallenroder Straße 7-9, 13435 Berlin, Deutschland, Tel.: +49 30 208980-800, Fax: +49 30 208980-819, E-Mail: info@growin.de"
16510,Master Products Inoxidable S.L.,master-products-inoxidable-s-l,22,"Master Products Inoxidable S.L., Pol. Ind. Veïnat de la Banyeta Nova 10, 17843 Palol de Revardit (Girona), Spanien, Telefon: +34 972 299355, E-Mail: info@masterproducts.es, Web: https://masterproducts.es",
5830,Meditrade GmbH,meditrade-gmbh,3,"Meditrade GmbH, Medipark 1, 83088 Kiefersfelden, Deutschland, info@meditrade.de",
4571,Medusafilters GmbH,medusafilters-gmbh,14,"Medusafilters GmbH, Schillerstraße 46, 74248 Ellhofen, Deutschland, info@medusafilters.de",
16275,Mills Nutrients,mills-nutrients,24,"Mills Nutrients, Aalsmeerderweg 249-K, 1432 CM Aalsmeer, Niederlande, Telefon: +31 20 2233957, E-Mail: info@mills-nutrients.com, Web: https://mills-nutrients.com","Grow In AG, Wallenroder Straße 7-9, 13435 Berlin, Deutschland, Web: https://growin.de"
1775,"Miquel y Costas & Miquel, S.A.",miquel-y-costas-miquel-s-a,8,"Miquel y Costas & Miquel, S.A., Tuset 8-10, 7ª planta, 08006 Barcelona, Spanien, myc@miquelycostas.com","Lauwe Zaunreither GbR, Stefan Zaunreither, Kratzmühlstraße 14, 92339 Beilngries, Deutschland, Telefon: +4917676957009, E-Mail: info@hanfjack.de"
5421,MIRON Violetglass BV,miron-violetglass-bv,4,"MIRON Violetglass B.V., Stephensonstraat 57, 7903 AS Hoogeveen, Niederlande, info@miron.com","Lauwe Zaunreither GbR, Stefan Zaunreither, Kratzmühlstraße 14, 92339 Beilngries, Deutschland, Telefon: +4917676957009, E-Mail: info@hanfjack.de"
11572,Mosca Seeds,mosca-seeds,1,"Mosca Seeds, P.O. Box 101447, Denver, CO 80250-1447, USA, E-Mail: info@moscaseeds.com","Lauwe Zaunreither GbR, Stefan Zaunreither, Kratzmühlstraße 14, 92339 Beilngries, Deutschland, Telefon: +4917676957009, E-Mail: info@hanfjack.de"
16490,Nachtschatten Verlag,nachtschatten-verlag,11,"Nachtschatten Verlag, Kronengasse 11, 4500 Solothurn, Zürich, Schweiz, Homepage: https://nachtschatten.ch/","Bloomtech GmbH, Mittelweg 3, 37154 Northeim, Niedersachsen, Deutschland, E-Mail: mail@bloomtech.de, Homepage: https://www.bloomtech.de"
7425,Near Dark GmbH,near-dark-gmbh,3,"Near Dark GmbH, Bonner Str. 11a, 53773 Hennef, Deutschland, info@neardark.de",
8580,Nero GmbH,nero-gmbh,2,"Nero GmbH, Am Mittleren Moos 48, 86167 Augsburg, Deutschland, E-Mail: info@dryrocket.com, Web: https://dryrocket.com",
16514,nestle,nestle,0,"Nestlé Deutschland AG, Lyoner Straße 23, 60528 Frankfurt am Main, Deutschland, Telefon: +49 69 6671-0, E-Mail: verbraucherservice@de.nestle.com, Web: https://www.nestle.de",
6551,Neudorff GmbH KG,neudorff-gmbh-kg,4,"W. Neudorff GmbH KG, An der Mühle 3, 31860 Emmerthal, Deutschland, info@neudorff.de",
16345,New Millenium Garden,new-millenium-garden,1,"New Millenium Garden, 16359 County Road S, 80701 Fort Morgan, Vereinigte Staaten, Web: https://newmilleniumnutrients.com","Bloomtech GmbH, Mittelweg 3, 37154 Northeim, Deutschland, E-Mail: mail@bloomtech.de, Web: https://www.bloomtech.de"
8030,New Ways BV,new-ways-bv,46,"New Ways BV, Gyroscoopweg 2N, 1042AB Amsterdam, Niederlande, info@thenewways.com",
1831,Next Tröber Europe GmbH & Co. KG,next-troeber-europe-gmbh-co-kg,1,"Next Tröber Europe GmbH & Co. KG, Volksdorfer Weg 186, 22393 Hamburg, Deutschland, info@troeber.com",
16498,Nohlex,nohlex,5,"Nohlex, Eichenweg 8, 29690 Buchholz, Niedersachsen, Deutschland, E-Mail: info@nohlex.de, Homepage: https://www.nohlex.de",
4387,Norddampf,norddampf,14,"Norddampf (Inhaber: Timo Ellermann), Atlasstraße 3, 27777 Ganderkesee, Deutschland, wecare@norddampf.com",
16496,Nutriculture,nutriculture,2,"Nutriculture, Meadows Road 36, S63 5DJ Rotherham, Vereinigtes Königreich, Web: https://www.nutriculture.com","HPS, Route de Lanrinou 3, 29800 Landerneau, Frankreich, E-Mail: commande@highproshop.fr, Web: https://highproshop.fr"
5419,OCB-Vertriebs-GmbH,ocb-vertriebs-gmbh,3,"OCB-Vertriebs-GmbH, Lise-Meitner-Str. 2-4, 52525 Heinsberg, Deutschland, website@ocb.de",
13001,On top trade s.r.o.,on-top-trade-s-r-o,1,"On top trade s.r.o., B. Smetany 29, 370 01 České Budějovice, Tschechien",
16500,Ona (Mariner Industries),ona-mariner-industries,0,"Ona, Estate Road 6, DN31 2TG Grimsby, Vereinigtes Königreich, E-Mail: info@marinerpackaging.co.uk, Homepage: https://www.marinerindustries.com","Bloomtech GmbH, Mittelweg 3, 37154 Northeim, Niedersachsen, Deutschland, E-Mail: mail@bloomtech.de, Homepage: https://www.bloomtech.de"
4693,PALACIO CZ s.r.o.,palacio-cz-s-r-o,29,"Palacio CZ s.r.o., Berounská 1, 273 51 Kyšice, Tschechien, info@palacio.cz","Lauwe Zaunreither GbR, Stefan Zaunreither, Kratzmühlstraße 14, 92339 Beilngries, Deutschland, Telefon: +4917676957009, E-Mail: info@hanfjack.de"
6663,Paradise Seeds,paradise-seeds,17,"Paradise Seeds B.V., Gravenstraat 12, 1012 NM Amsterdam, Niederlande, KvK 33285116, E-Mail: info@paradise-seeds.com",
16045,Phonic Trap,phonic-trap,7,"Phonic Trap, Rte de Lanrinou, 29800 Landerneau, Frankreich, Web: https://highproshop.fr",
3732,Plagron,plagron,44,"Plagron (Bertels BV), PO Box 10188, 6000 GD Weert, Niederlande / Ommelpad 2, 6035 PC Ospel, Niederlande, servicedesk@plagron.com","Lauwe Zaunreither GbR, Stefan Zaunreither, Kratzmühlstraße 14, 92339 Beilngries, Deutschland, Telefon: +4917676957009, E-Mail: info@hanfjack.de"
16493,Plant!t,plantt,1,"Plant!t, Unit 19 Lifford Way, CV3 2RN Coventry, Vereinigtes Königreich, E-Mail: webmaster@hydrogarden.co.uk, Homepage: http://www.plantit-growit.com","Grow In AG, Wallenroder Straße 7-9, 13435 Berlin, Berlin, Deutschland, Homepage: https://www.growin.de/"
16347,"Plantation Products, LLC",plantation-products-llc,2,"Plantation Products, LLC, 12610 Saticoy St. 202S, 91605 North Hollywood, Vereinigte Staaten, Web: https://superthrive.com","Grow In AG, Wallenroder Straße 7-9, 13435 Berlin, Deutschland, Web: https://www.growin.de"
16532,Pollinator Company,pollinator-company,2,"Pollinator Company, Grasweg 41D, 1031 HW Amsterdam, Niederlande, Telefon: +31 20 4708889, E-Mail: info@pollinator.nl, Web: https://www.pollinator.nl",
8697,PotKing,potking,6,"PotKing, Wallenroder Straße 7-9, 13435 Berlin, Deutschland, E-Mail: info@growin.de, Web: https://potking.nl",
16012,Prima Klima,prima-klima,15,"Prima Klima, Zámostí 594, 338 28 Radnice, Tschechien, Web: https://primaklima.com","PRIMA KLIMA TRADING CZ, Zámostí 594, 338 28 Radnice, Tschechien"
1975,"PURIZE® Filters GmbH & Co.KG,",purize-filters-gmbh-co-kg,58,"PURIZE® Filters GmbH & Co. KG, Calauer Straße 32, 01983 Großräschen, Deutschland, support@purize-filters.com",
12995,PuroCuro,purocuro,1,"PuroCuro, Av. Pais Valenciano 43, 03580 Alfaz del Pi (Alicante), Spanien, Web: https://purocuro.com",
8578,Purpl Scientific,purpl-scientific,1,"Purpl Scientific, 360 N Boyle Ave, St. Louis, MO 63108, USA, Web: https://www.purplscientific.com","Delta9 Analytics, Lijndonk 4, 4825 BG Breda, Niederlande, E-Mail: info@delta9-analytics.com, Web: https://delta9-analytics.com"
7689,Pyramid Seeds,pyramid-seeds,1,"Imagine Grow SL (Pyramid Seeds), Avinguda Carrilet 327 bajos, 08907 L'Hospitalet de Llobregat, Spanien, CIF B66051434, Telefon: +34 664 367577, E-Mail: info@pyramidseeds.news, Web: https://www.pyramidseeds.com",
6654,Quest Climate,quest-climate,0,"Quest Climate, 4201 Lien Rd, Madison WI 53704, Vereinigte Staaten, Web: https://questclimate.com","Lauwe Zaunreither GbR, Stefan Zaunreither, Kratzmühlstraße 14, 92339 Beilngries, Deutschland, Telefon: +4917676957009, E-Mail: info@hanfjack.de"
11569,RBA,rba,1,,
16349,Rock Holdings Pty Ltd,rock-holdings-pty-ltd,3,"Rock Holdings Pty Ltd, C/- Clarendon Post Office, 5157 Clarendon S.A., Australien, Telefon: +61 416 199586, Web: https://www.rocknutrients.com.au","Dutch Garden EU, Strobelgasse 2/6, 1010 Wien, Österreich, Web: https://www.dgsupplies.eu"
6229,Root Pouch,root-pouch,1,"Root Pouch, 1900 NE 25th Avenue, Suite 4, Hillsboro, OR 97124, USA, info@rootpouch.com","Lauwe Zaunreither GbR, Stefan Zaunreither, Kratzmühlstraße 14, 92339 Beilngries, Deutschland, Telefon: +4917676957009, E-Mail: info@hanfjack.de"
12721,ROOT!T,roott,5,"HydroGarden Ltd (ROOT!T), 2 Progress Way, Coventry CV3 2NT, Vereinigtes Königreich, E-Mail: sales@hydrogarden.com","Lauwe Zaunreither GbR, Stefan Zaunreither, Kratzmühlstraße 14, 92339 Beilngries, Deutschland, Telefon: +4917676957009, E-Mail: info@hanfjack.de"
16484,RoyalRoom,royalroom,1,"RoyalRoom, Grochowska 23/31, 04-186 Warschau, Polen, E-Mail: info@royalroom.eu, Homepage: https://www.royalroom.eu",
6973,Ruperts Farm SL,ruperts-farm-sl,44,"Ruperts Farm SL, Calle Brosquill 16, Polígono 7, 46540 El Puig (Valencia), Spanien, CIF B98931173, E-Mail: support@anesiaseeds.com, Web: https://anesiaseeds.com",
16306,S&R Organics,sr-organics,7,"S&R Organics, Bahnhofstr. 3, 66763 Dillingen/Saar, Deutschland, Web: https://sr-organics.com",
1899,SANlight GmbH,sanlight-gmbh,54,"SANlight GmbH, Montafonerstraße 14, 6780 Schruns, Österreich, support@sanlight.com","Lauwe Zaunreither GbR, Stefan Zaunreither, Kratzmühlstraße 14, 92339 Beilngries, Deutschland, Telefon: +4917676957009, E-Mail: info@hanfjack.de"
8842,Schumann Naturdünger,schumann-naturduenger,1,"Schumann Naturdünger, Dietrich-von-Schenk-Straße 9, 93339 Riedenburg, Deutschland, USt-IdNr. DE342586264, Web: https://www.naturduenger-schumann.de",
11519,Senkap,senkap,5,"Senkap Plastik Ltd. Şti., Buyukkayacik OSB Mah. 503. Sokak No. 15, 42250 Selçuklu/Konya, Türkei, E-Mail: export@senkap.com, Web: https://senkap.com","Ferna Trade, Industriestraße 3, 41334 Nettetal, Deutschland, E-Mail: info@fernatrade.com"
6756,Sensi Seeds,sensi-seeds,3,"Sensi Seed B.V., Johann Siegerstraat 20, 1096 BH Amsterdam, Niederlande, KvK 24191871, E-Mail: info@sensiseeds.com",
6435,Shenzhen Mei Zhi Guangdian Limited,shenzhen-mei-zhi-guangdian-limited,111,"Shenzhen Mei Zhi Guangdian Limited, 301, Gebäude D, Jingtie Industrial Park (l-Type Plant), Nr. 49 Changjiangpu Road, Heao Community, Yuanshan Street, 518115 Shenzhen, Guangdong, China, E-Mail: info@spiderfarmer.eu","Lauwe Zaunreither GbR, Stefan Zaunreither, Kratzmühlstraße 14, 92339 Beilngries, Deutschland, Telefon: +4917676957009, E-Mail: info@hanfjack.de"
6565,Snorkel Spain S.L.,snorkel-spain-s-l,96,"Snorkel Spain S.L., C/ Vilar d’Abdelà 5 (nave 1), 08170 Montornès del Vallès, Spanien, support@royalqueenseeds.com","Lauwe Zaunreither GbR, Stefan Zaunreither, Kratzmühlstraße 14, 92339 Beilngries, Deutschland, Telefon: +4917676957009, E-Mail: info@hanfjack.de"
6649,Solux,solux,0,"Solux Lighting (Polen), Ul. Żelazna 9/12U, 15-297 Poland, sklep@solux.lighting","Lauwe Zaunreither GbR, Stefan Zaunreither, Kratzmühlstraße 14, 92339 Beilngries, Deutschland, Telefon: +4917676957009, E-Mail: info@hanfjack.de"
16495,Speedgrow,speedgrow,2,"Speedgrow, Spoorlaan Noord 175, 6042 AB Roermond, Limburg, Niederlande, E-Mail: info@agra-wool.nl, Homepage: https://www.agra-wool.nl",
7044,SSR Produkt GmbH & Co. KG,ssr-produkt-gmbh-co-kg,2,"SSR Produkt GmbH & Co. KG, Gerhard-Stalling-Str. 57, 26135 Oldenburg, Deutschland, service@digitalwaagen.de",
7811,STELER GmbH,steler-gmbh,35,"STELER GmbH, Stefan Preßler, Normstahlstraße 1-3, 85368 Moosburg, Deutschland, Telefon: +4981612320496, E-Mail: info@graveda.de",
8031,STORZ & BICKEL GmbH,storz-bickel-gmbh,21,"STORZ & BICKEL GmbH, Grubenäcker 5 bis 9, 78532 Tuttlingen, Deutschland, info@storz-bickel.com",
6566,Sweedbar,sweedbar,80,"Sweedbar, Waldhausener Straße 86a, 41061 Mönchengladbach, Deutschland, info@sweedbar.de",
11594,Sweet Seeds,sweet-seeds,1,"Sweet Seeds S.L., Calle Reverendo José María Pinazo 9 bajo, 46020 Valencia, Spanien, CIF B97811616, Telefon: +34963404289, E-Mail: info@sweetseeds.es",
14050,Terphogz,terphogz,1,"Terphogz, 8099 Trenton St, Minneapolis MN 55406, Vereinigte Staaten, Web: https://terphogz.com","Hemp Group Int. GmbH, Verschwisterungsring 93b, 21502 Geesthacht, Deutschland, Telefon: +49 89 30707996 (Mo–Fr 10:00–17:00 Uhr), E-Mail: b2b@hempgroup.de"
1473,Terra Aquatica,terra-aquatica,48,"Terra Aquatica, 4 boulevard du Biopole, 32500 Fleurance, Frankreich, info@terraaquatica.com","Lauwe Zaunreither GbR, Stefan Zaunreither, Kratzmühlstraße 14, 92339 Beilngries, Deutschland, Telefon: +4917676957009, E-Mail: info@hanfjack.de"
16530,"Terraplanet del Sur, S.L.",terraplanet-del-sur-s-l,28,"Terraplanet del Sur, S.L., C/ Ayala 11, 1ª Planta, 28001 Madrid, Spanien, E-Mail: info@qnubu.com",
16531,The Caledonian Tree Company Limited,the-caledonian-tree-company-limited,9,"The Caledonian Tree Company Limited, Cowbraehill, Tynehead, EH37 5XT Pathhead, Midlothian, Vereinigtes Königreich, E-Mail: garden@air-pot.com","Grow In AG, Wallenroder Straße 7-9, 13435 Berlin, Deutschland, Homepage: https://www.growin.de/"
8855,Tightpac Europe,tightpac-europe,3,"Tightpac Europe, Damstraat 14, 1012 JM Amsterdam, Niederlande, E-Mail: info@tightpac.eu",
6652,TRAFIKA,trafika,0,"TRAFIKA, Office 25, Corniche Business Center, Abu Dhabi, Vereinigte Arabische Emirate; Bristol Business Center, Office 5, Dubai, Vereinigte Arabische Emirate; projects@trafika.ae","Lauwe Zaunreither GbR, Stefan Zaunreither, Kratzmühlstraße 14, 92339 Beilngries, Deutschland, Telefon: +4917676957009, E-Mail: info@hanfjack.de"
16481,Trimpro,trimpro,0,"Trimpro (Biofloral Inc.), 675 montée St-François, Laval (Québec) H7C 2S8, Kanada, Telefon: +1 877 384 9376, E-Mail: service@biofloral.com, Web: https://trimpro.ca","Grow In AG, Wallenroder Straße 7-9, 13435 Berlin, Berlin, Deutschland, Homepage: https://www.growin.de/"
4705,TUX Smoking GmbH,tux-smoking-gmbh,4,"TUX Smoking GmbH, Herbststraße 53/28, 1160 Wien, Österreich, info@hybrid-filter.com","Lauwe Zaunreither GbR, Stefan Zaunreither, Kratzmühlstraße 14, 92339 Beilngries, Deutschland, Telefon: +4917676957009, E-Mail: info@hanfjack.de"
5189,Vandenberg Special Products B.V.,vandenberg-special-products-b-v,1,"Vandenberg Special Products B.V., Louis Pasteurstraat 17, 3261 LZ Oud-Beijerland, Niederlande, info@hanfjack.de","Lauwe Zaunreither GbR, Stefan Zaunreither, Kratzmühlstraße 14, 92339 Beilngries, Deutschland, Telefon: +4917676957009, E-Mail: info@hanfjack.de"
16509,Villakha Enterprises Inc.,villakha-enterprises-inc,18,"Villakha Enterprises Inc., 11442 Kingston Street, V2X 0Y5 Maple Ridge BC, Kanada, Web: https://www.villakha.ca","Grow In AG, Wallenroder Straße 7-9, 13435 Berlin, Berlin, Deutschland, Homepage: https://www.growin.de/"
8487,Weedo Lifestyle & Media GmbH,weedo-lifestyle-media-gmbh,19,"Weedo Lifestyle & Media GmbH, Machtlfingerstraße 21, 81379 München, Deutschland, Telefon: +498930707996, E-Mail: info@hempcrew.de",
12719,WilTec Wildanger Technik GmbH,wiltec-wildanger-technik-gmbh,2,"WilTec Wildanger Technik GmbH, Königsbenden 12, 52249 Eschweiler, Deutschland, Telefon: +49 2403 977977-0, E-Mail: service@wiltec.info",
10969,Wizard Trees,wizard-trees,34,"Wizard Trees (Filifera, LLC), 1375 East 6th Street Unit 6, Los Angeles CA 90014, Vereinigte Staaten, Telefon: +1 747 230 6314, E-Mail: support@wizardtrees.com, Web: https://www.wizardtrees.com","Hemp Group Int. GmbH, Verschwisterungsring 93b, 21502 Geesthacht, Telefon: 089/30707996, E-Mail: b2b@hempgroup.de"
5425,Zippo GmbH,zippo-gmbh,43,"Zippo GmbH, Groendahlscher Weg 87, 46446 Emmerich, Deutschland, shop.de@zippo.com",
